Company Name,Industry,Location,Size,Contact Person,Email/LinkedIn,Pain Point,Template Used,Status,Date Contacted,Notes
Transcure,Medical Billing,Miami FL,500+ providers,CEO/Business Dev,LinkedIn,RCM automation,Medical Billing,Not contacted,,Top target - large scale
ProMD Medical Billing,Medical Billing,Florida,Small-mid,CEO,LinkedIn,First-pass claims,Medical Billing,Not contacted,,Florida based
Billing Dynamix,Medical Billing,Florida,Outpatient,Operations Dir,LinkedIn,Integrated EHR,Medical Billing,Not contacted,,Tech-focused
Swift Medical Billing,Medical Billing,Florida,Small clinics,Owner,Email,Personalized service,Medical Billing,Not contacted,,Boutique
Nextus Billing Solutions,Medical Billing,Florida,Small-mid,Business Dev,LinkedIn,Authorization mgmt,Medical Billing,Not contacted,,Behavioral health
Miami RCM LLC,Medical Billing,Miami FL,11 specialties,Owner,Email,Electronic claims,Medical Billing,Not contacted,,Local
MDBC PRO,Medical Billing,Miami FL,28 specialties,CEO,LinkedIn,Multi-specialty,Medical Billing,Not contacted,,Chiropractic focus
Resilient Medical Billing,Medical Billing,Florida,Small practices,Owner,Email,AR reduction,Medical Billing,Not contacted,,30% AR goal
Florida Medical Billing Inc,Medical Billing,Boca Raton,Specialty,Owner,LinkedIn,Surgery/radiology coding,Medical Billing,Not contacted,,Coding intensive
BillingParadise,Medical Billing,National/FL,Large practices,CEO,LinkedIn,AI claim scrubbing,Medical Billing,Not contacted,,National reach
Medusind Solutions,Medical Billing,Miami FL,Multi-specialty,CEO,Email,Call center support,Medical Billing,Not contacted,,Large player
PracticeForces,Medical Billing,Clearwater FL,Primary care,Owner,LinkedIn,EHR consulting,Medical Billing,Not contacted,,15+ years
CareCloud,Medical Billing,Miami FL,Cloud-based,Marketing Dir,LinkedIn,AI billing platform,Medical Billing,Not contacted,,Miami HQ
Practolytics,Medical Billing,Florida,Multi-specialty,CEO,Email,Denial management,Medical Billing,Not contacted,,Full RCM
Legendary Real Estate Service,Real Estate,Florida,Small team,Owner,Email,Lead consistency,Real Estate,Not contacted,,Referral dependent
Willow Brook Realty,Real Estate,VT/NH,Mid-size,Owner,LinkedIn,No inbound system,Real Estate,Not contacted,,Needs automation
Seabreeze Realty Group,Real Estate,Sarasota FL,Small team,Owner,Email,Response time,Real Estate,Not contacted,,35% improvement potential
Related Ross,Real Estate,West Palm Beach,Large,Liz O'Nan VP,LinkedIn,Tenant engagement,Real Estate,Not contacted,,2M sq ft portfolio
Local Miami Brokerages,Real Estate,Miami-Dade,Various,Brokers,Cold email,Lead tracking,Real Estate,Not contacted,,Multiple targets
Dragon Horse Agency,Marketing,Miami FL,Multi-award,CEO,LinkedIn,AI integration,Marketing Agency,Not contacted,,DragonIQ product
57 Clicks Marketing,Marketing,Central FL,Digital agency,Owner,LinkedIn,Scaling ops,Marketing Agency,Not contacted,,SEO focus
Wolfpack Advising,Marketing,Florida,Digital marketing,Owner,Email,Lead management,Marketing Agency,Not contacted,,Multi-service
DMR Media,Marketing,Florida,Real estate marketing,CEO,LinkedIn,CRM restructuring,Marketing Agency,Not contacted,,1093% ROI tracked
Rough Works,Marketing,Florida,Web dev,Owner,Email,Project automation,Marketing Agency,Not contacted,,Dev shop
Oso Marketing,Marketing,Florida,Small-mid,Owner,LinkedIn,Comprehensive automation,Marketing Agency,Not contacted,,Boutique
Bloomerang,Marketing,Florida,Marketing automation,Owner,Email,Tool integration,Marketing Agency,Not contacted,,No contracts
Laughing Samurai,Marketing,Florida,Creative digital,Owner,LinkedIn,Workflow optimization,Marketing Agency,Not contacted,,Creative focus
IMS.net,Marketing,Florida,SEO + content,Owner,Email,Scaling content,Marketing Agency,Not contacted,,WordPress experts
Netconcepts,Marketing,Miami FL,SEO expert,CEO,LinkedIn,AI SEO tools,Marketing Agency,Not contacted,,Stephan Spencer
P3 Agency,Marketing,Florida,Brand dev,Owner,Email,Marketing ops,Marketing Agency,Not contacted,,Since 1990
Lasso Up,Marketing,Florida,Lead gen,Owner,LinkedIn,CRM optimization,Marketing Agency,Not contacted,,Inbound focus
Purpose Path,Marketing,Florida,Digital marketing,Owner,Email,ROI tracking,Marketing Agency,Not contacted,,B2B focus
Solvid,Marketing,Global,SEO + AI SEO,Owner,LinkedIn,AI tool integration,Marketing Agency,Not contacted,,Next-gen
NextAutomation.us,AI Agency,US,SMB focused,CEO,Email,Direct competitor,Research,Not contacted,,Study their model
DonQuijotech,AI Consulting,Miami Beach,Small,Owner,Email,Miami AI consulting,Competitor,Not contacted,,Bilingual focus
AutomateNexus,AI Agency,Miami FL,150+ clients,Owner,LinkedIn,BYOK model,Competitor,Not contacted,,$2.5K-$15K
Buster Digital,AI Agency,Miami FL,Custom systems,Owner,Email,Local AI build,Competitor,Not contacted,,Chatbots + voice
Vstorm,AI Agency,US/UK/Ukraine,50-249,CEO,LinkedIn,Custom engineering,Competitor,Not contacted,,$10K+
